/lclselog/data/2011/23/11.06,/elogbook/xsl/elog-2010-03-19.xsl,true.html
/lclselog/data/2020/50/09.12,/elogbook/xsl/elog-2010-03-19.xsl,true.html
/lclselog/data/2022/26/27.06,/elogbook/xsl/elog-2010-03-19.xsl,true.html
/lclselog/data/2022/26/28.06,/elogbook/xsl/elog-2010-03-19.xsl,true.html
/lclselog/data/2023/34/22.08,/elogbook/xsl/elog-2010-03-19.xsl,true.html
/lclselog/data/2023/44/01.11,/elogbook/xsl/elog-2010-03-19.xsl,true.html
/lclselog/data/2023/44/02.11,/elogbook/xsl/elog-2010-03-19.xsl,true.html
/lclselog/data/2023/44/03.11,/elogbook/xsl/elog-2010-03-19.xsl,true.html
/lclselog/data/2023/44/04.11,/elogbook/xsl/elog-2010-03-19.xsl,true.html
/lclselog/data/2023/44/05.11,/elogbook/xsl/elog-2010-03-19.xsl,true.html
/lclselog/data/2023/44/06.11,/elogbook/xsl/elog-2010-03-19.xsl,true.html
/lclselog/data/2023/44/07.11,/elogbook/xsl/elog-2010-03-19.xsl,true.html
/lclselog/data/2023/45/06.11,/elogbook/xsl/elog-2010-03-19.xsl,true.html
/lclselog/data/2023/45/07.11,/elogbook/xsl/elog-2010-03-19.xsl,true.html
/lclselog/data/2023/45/08.11,/elogbook/xsl/elog-2010-03-19.xsl,true.html
/lclselog/data/2023/45/09.11,/elogbook/xsl/elog-2010-03-19.xsl,true.html
/lclselog/data/2023/45/10.11,/elogbook/xsl/elog-2010-03-19.xsl,true.html
/lclselog/data/2023/45/11.11,/elogbook/xsl/elog-2010-03-19.xsl,true.html
/lclselog/data/2023/45/12.11,/elogbook/xsl/elog-2010-03-19.xsl,true.html
/lclselog/data/2023/46/13.11,/elogbook/xsl/elog-2010-03-19.xsl,true.html
/lclselog/data/2023/46/14.11,/elogbook/xsl/elog-2010-03-19.xsl,true.html
/lclselog/data/2023/46/15.11,/elogbook/xsl/elog-2010-03-19.xsl,true.html
/lclselog/data/2023/46/16.11,/elogbook/xsl/elog-2010-03-19.xsl,true.html
/lclselog/data/2023/46/17.11,/elogbook/xsl/elog-2010-03-19.xsl,true.html
/lclselog/data/2023/46/18.11,/elogbook/xsl/elog-2010-03-19.xsl,true.html
/lclselog/data/2023/46/19.11,/elogbook/xsl/elog-2010-03-19.xsl,true.html
/lclselog/data/2023/46/20.11,/elogbook/xsl/elog-2010-03-19.xsl,true.html
/lclselog/data/2023/47/20.11,/elogbook/xsl/elog-2010-03-19.xsl,true.html
/lclselog/data/2023/47/21.11,/elogbook/xsl/elog-2010-03-19.xsl,true.html
/lclselog/data/2023/47/22.11,/elogbook/xsl/elog-2010-03-19.xsl,true.html
/lclselog/data/2023/47/23.11,/elogbook/xsl/elog-2010-03-19.xsl,true.html
/lclselog/data/2023/47/24.11,/elogbook/xsl/elog-2010-03-19.xsl,true.html
/lclselog/data/2023/47/25.11,/elogbook/xsl/elog-2010-03-19.xsl,true.html
/lclselog/data/2023/47/26.11,/elogbook/xsl/elog-2010-03-19.xsl,true.html
/lclselog/data/2023/48/27.11,/elogbook/xsl/elog-2010-03-19.xsl,true.html
/lclselog/data/2023/48/28.11,/elogbook/xsl/elog-2010-03-19.xsl,true.html
/lclselog/data/2023/48/29.11,/elogbook/xsl/elog-2010-03-19.xsl,true.html
/lclselog/data/2023/48/30.11,/elogbook/xsl/elog-2010-03-19.xsl,true.html
/lclselog/data/2023/48/31.11,/elogbook/xsl/elog-2010-03-19.xsl,true.html
